TableName;ColumnName;DataType
dimaccount;AccountKey;int
dimaccount;ParentAccountKey;int
dimaccount;AccountCodeAlternateKey;int
dimaccount;ParentAccountCodeAlternateKey;int
dimaccount;AccountDescription;varchar
dimaccount;AccountType;varchar
dimaccount;Operator;varchar
dimaccount;CustomMembers;varchar
dimaccount;ValueType;varchar
dimaccount;CustomMemberOptions;varchar
dimcurrency;CurrencyKey;int
dimcurrency;CurrencyAlternateKey;varchar
dimcurrency;CurrencyName;varchar
dimcustomer;CustomerKey;int
dimcustomer;GeographyKey;int
dimcustomer;CustomerAlternateKey;varchar
dimcustomer;Title;varchar
dimcustomer;FirstName;varchar
dimcustomer;MiddleName;varchar
dimcustomer;LastName;varchar
dimcustomer;NameStyle;bit
dimcustomer;BirthDate;date
dimcustomer;MaritalStatus;varchar
dimcustomer;Suffix;varchar
dimcustomer;Gender;varchar
dimcustomer;EmailAddress;varchar
dimcustomer;YearlyIncome;decimal
dimcustomer;TotalChildren;smallint
dimcustomer;NumberChildrenAtHome;smallint
dimcustomer;EnglishEducation;varchar
dimcustomer;SpanishEducation;varchar
dimcustomer;FrenchEducation;varchar
dimcustomer;EnglishOccupation;varchar
dimcustomer;SpanishOccupation;varchar
dimcustomer;FrenchOccupation;varchar
dimcustomer;HouseOwnerFlag;varchar
dimcustomer;NumberCarsOwned;smallint
dimcustomer;AddressLine1;varchar
dimcustomer;AddressLine2;varchar
dimcustomer;Phone;varchar
dimcustomer;DateFirstPurchase;date
dimcustomer;CommuteDistance;varchar
dimdate;DateKey;int
dimdate;FullDateAlternateKey;date
dimdate;DayNumberOfWeek;smallint
dimdate;EnglishDayNameOfWeek;varchar
dimdate;SpanishDayNameOfWeek;varchar
dimdate;FrenchDayNameOfWeek;varchar
dimdate;DayNumberOfMonth;smallint
dimdate;DayNumberOfYear;smallint
dimdate;WeekNumberOfYear;smallint
dimdate;EnglishMonthName;varchar
dimdate;SpanishMonthName;varchar
dimdate;FrenchMonthName;varchar
dimdate;MonthNumberOfYear;smallint
dimdate;CalendarQuarter;smallint
dimdate;CalendarYear;smallint
dimdate;CalendarSemester;smallint
dimdate;FiscalQuarter;smallint
dimdate;FiscalYear;smallint
dimdate;FiscalSemester;smallint
dimdepartmentgroup;DepartmentGroupKey;int
dimdepartmentgroup;ParentDepartmentGroupKey;int
dimdepartmentgroup;DepartmentGroupName;varchar
dimemployee;EmployeeKey;int
dimemployee;ParentEmployeeKey;int
dimemployee;EmployeeNationalIDAlternateKey;varchar
dimemployee;ParentEmployeeNationalIDAlternateKey;varchar
dimemployee;SalesTerritoryKey;int
dimemployee;FirstName;varchar
dimemployee;LastName;varchar
dimemployee;MiddleName;varchar
dimemployee;NameStyle;bit
dimemployee;Title;varchar
dimemployee;HireDate;date
dimemployee;BirthDate;date
dimemployee;LoginID;varchar
dimemployee;EmailAddress;varchar
dimemployee;Phone;varchar
dimemployee;MaritalStatus;varchar
dimemployee;EmergencyContactName;varchar
dimemployee;EmergencyContactPhone;varchar
dimemployee;SalariedFlag;bit
dimemployee;Gender;varchar
dimemployee;PayFrequency;smallint
dimemployee;BaseRate;decimal
dimemployee;VacationHours;smallint
dimemployee;SickLeaveHours;smallint
dimemployee;CurrentFlag;bit
dimemployee;SalesPersonFlag;bit
dimemployee;DepartmentName;varchar
dimemployee;StartDate;date
dimemployee;EndDate;date
dimemployee;Status;varchar
dimemployee;EmployeePhoto;varbinary
dimgeography;GeographyKey;int
dimgeography;City;varchar
dimgeography;StateProvinceCode;varchar
dimgeography;StateProvinceName;varchar
dimgeography;CountryRegionCode;varchar
dimgeography;EnglishCountryRegionName;varchar
dimgeography;SpanishCountryRegionName;varchar
dimgeography;FrenchCountryRegionName;varchar
dimgeography;PostalCode;varchar
dimgeography;SalesTerritoryKey;int
dimgeography;IpAddressLocator;varchar
dimorganization;OrganizationKey;int
dimorganization;ParentOrganizationKey;int
dimorganization;PercentageOfOwnership;varchar
dimorganization;OrganizationName;varchar
dimorganization;CurrencyKey;int
dimproduct;ProductKey;int
dimproduct;ProductAlternateKey;varchar
dimproduct;ProductSubcategoryKey;int
dimproduct;WeightUnitMeasureCode;varchar
dimproduct;SizeUnitMeasureCode;varchar
dimproduct;EnglishProductName;varchar
dimproduct;SpanishProductName;varchar
dimproduct;FrenchProductName;varchar
dimproduct;StandardCost;decimal
dimproduct;FinishedGoodsFlag;bit
dimproduct;Color;varchar
dimproduct;SafetyStockLevel;smallint
dimproduct;ReorderPoint;smallint
dimproduct;ListPrice;decimal
dimproduct;Size;varchar
dimproduct;SizeRange;varchar
dimproduct;Weight;float
dimproduct;DaysToManufacture;int
dimproduct;ProductLine;varchar
dimproduct;DealerPrice;decimal
dimproduct;Class;varchar
dimproduct;Style;varchar
dimproduct;ModelName;varchar
dimproduct;LargePhoto;varbinary
dimproduct;EnglishDescription;varchar
dimproduct;FrenchDescription;varchar
dimproduct;ChineseDescription;varchar
dimproduct;ArabicDescription;varchar
dimproduct;HebrewDescription;varchar
dimproduct;ThaiDescription;varchar
dimproduct;GermanDescription;varchar
dimproduct;JapaneseDescription;varchar
dimproduct;TurkishDescription;varchar
dimproduct;StartDate;datetime2
dimproduct;EndDate;datetime2
dimproduct;Status;varchar
dimproductcategory;ProductCategoryKey;int
dimproductcategory;ProductCategoryAlternateKey;int
dimproductcategory;EnglishProductCategoryName;varchar
dimproductcategory;SpanishProductCategoryName;varchar
dimproductcategory;FrenchProductCategoryName;varchar
dimproductsubcategory;ProductSubcategoryKey;int
dimproductsubcategory;ProductSubcategoryAlternateKey;int
dimproductsubcategory;EnglishProductSubcategoryName;varchar
dimproductsubcategory;SpanishProductSubcategoryName;varchar
dimproductsubcategory;FrenchProductSubcategoryName;varchar
dimproductsubcategory;ProductCategoryKey;int
dimpromotion;PromotionKey;int
dimpromotion;PromotionAlternateKey;int
dimpromotion;EnglishPromotionName;varchar
dimpromotion;SpanishPromotionName;varchar
dimpromotion;FrenchPromotionName;varchar
dimpromotion;DiscountPct;float
dimpromotion;EnglishPromotionType;varchar
dimpromotion;SpanishPromotionType;varchar
dimpromotion;FrenchPromotionType;varchar
dimpromotion;EnglishPromotionCategory;varchar
dimpromotion;SpanishPromotionCategory;varchar
dimpromotion;FrenchPromotionCategory;varchar
dimpromotion;StartDate;datetime2
dimpromotion;EndDate;datetime2
dimpromotion;MinQty;int
dimpromotion;MaxQty;int
dimreseller;ResellerKey;int
dimreseller;GeographyKey;int
dimreseller;ResellerAlternateKey;varchar
dimreseller;Phone;varchar
dimreseller;BusinessType;varchar
dimreseller;ResellerName;varchar
dimreseller;NumberEmployees;int
dimreseller;OrderFrequency;varchar
dimreseller;OrderMonth;smallint
dimreseller;FirstOrderYear;int
dimreseller;LastOrderYear;int
dimreseller;ProductLine;varchar
dimreseller;AddressLine1;varchar
dimreseller;AddressLine2;varchar
dimreseller;AnnualSales;decimal
dimreseller;BankName;varchar
dimreseller;MinPaymentType;smallint
dimreseller;MinPaymentAmount;decimal
dimreseller;AnnualRevenue;decimal
dimreseller;YearOpened;int
dimsalesreason;SalesReasonKey;int
dimsalesreason;SalesReasonAlternateKey;int
dimsalesreason;SalesReasonName;varchar
dimsalesreason;SalesReasonReasonType;varchar
dimsalesterritory;SalesTerritoryKey;int
dimsalesterritory;SalesTerritoryAlternateKey;int
dimsalesterritory;SalesTerritoryRegion;varchar
dimsalesterritory;SalesTerritoryCountry;varchar
dimsalesterritory;SalesTerritoryGroup;varchar
dimsalesterritory;SalesTerritoryImage;varbinary
dimscenario;ScenarioKey;int
dimscenario;ScenarioName;varchar
factadditionalinternationalproductdescription;ProductKey;int
factadditionalinternationalproductdescription;CultureName;varchar
factadditionalinternationalproductdescription;ProductDescription;varchar
factcallcenter;FactCallCenterID;int
factcallcenter;DateKey;int
factcallcenter;WageType;varchar
factcallcenter;Shift;varchar
factcallcenter;LevelOneOperators;smallint
factcallcenter;LevelTwoOperators;smallint
factcallcenter;TotalOperators;smallint
factcallcenter;Calls;int
factcallcenter;AutomaticResponses;int
factcallcenter;Orders;int
factcallcenter;IssuesRaised;smallint
factcallcenter;AverageTimePerIssue;smallint
factcallcenter;ServiceGrade;float
factcallcenter;Date;datetime2
factcurrencyrate;CurrencyKey;int
factcurrencyrate;DateKey;int
factcurrencyrate;AverageRate;float
factcurrencyrate;EndOfDayRate;float
factcurrencyrate;Date;datetime2
factfinance;FinanceKey;int
factfinance;DateKey;int
factfinance;OrganizationKey;int
factfinance;DepartmentGroupKey;int
factfinance;ScenarioKey;int
factfinance;AccountKey;int
factfinance;Amount;float
factfinance;Date;datetime2
factinternetsales;ProductKey;int
factinternetsales;OrderDateKey;int
factinternetsales;DueDateKey;int
factinternetsales;ShipDateKey;int
factinternetsales;CustomerKey;int
factinternetsales;PromotionKey;int
factinternetsales;CurrencyKey;int
factinternetsales;SalesTerritoryKey;int
factinternetsales;SalesOrderNumber;varchar
factinternetsales;SalesOrderLineNumber;smallint
factinternetsales;RevisionNumber;smallint
factinternetsales;OrderQuantity;smallint
factinternetsales;UnitPrice;decimal
factinternetsales;ExtendedAmount;decimal
factinternetsales;UnitPriceDiscountPct;float
factinternetsales;DiscountAmount;float
factinternetsales;ProductStandardCost;decimal
factinternetsales;TotalProductCost;decimal
factinternetsales;SalesAmount;decimal
factinternetsales;TaxAmt;decimal
factinternetsales;Freight;decimal
factinternetsales;CarrierTrackingNumber;varchar
factinternetsales;CustomerPONumber;varchar
factinternetsales;OrderDate;datetime2
factinternetsales;DueDate;datetime2
factinternetsales;ShipDate;datetime2
factinternetsalesreason;SalesOrderNumber;varchar
factinternetsalesreason;SalesOrderLineNumber;smallint
factinternetsalesreason;SalesReasonKey;int
factproductinventory;ProductKey;int
factproductinventory;DateKey;int
factproductinventory;MovementDate;date
factproductinventory;UnitCost;decimal
factproductinventory;UnitsIn;int
factproductinventory;UnitsOut;int
factproductinventory;UnitsBalance;int
factresellersales;ProductKey;int
factresellersales;OrderDateKey;int
factresellersales;DueDateKey;int
factresellersales;ShipDateKey;int
factresellersales;ResellerKey;int
factresellersales;EmployeeKey;int
factresellersales;PromotionKey;int
factresellersales;CurrencyKey;int
factresellersales;SalesTerritoryKey;int
factresellersales;SalesOrderNumber;varchar
factresellersales;SalesOrderLineNumber;smallint
factresellersales;RevisionNumber;smallint
factresellersales;OrderQuantity;smallint
factresellersales;UnitPrice;decimal
factresellersales;ExtendedAmount;decimal
factresellersales;UnitPriceDiscountPct;float
factresellersales;DiscountAmount;float
factresellersales;ProductStandardCost;decimal
factresellersales;TotalProductCost;decimal
factresellersales;SalesAmount;decimal
factresellersales;TaxAmt;decimal
factresellersales;Freight;decimal
factresellersales;CarrierTrackingNumber;varchar
factresellersales;CustomerPONumber;varchar
factresellersales;OrderDate;datetime2
factresellersales;DueDate;datetime2
factresellersales;ShipDate;datetime2
factsalesquota;SalesQuotaKey;int
factsalesquota;EmployeeKey;int
factsalesquota;DateKey;int
factsalesquota;CalendarYear;smallint
factsalesquota;CalendarQuarter;smallint
factsalesquota;SalesAmountQuota;decimal
factsalesquota;Date;datetime2
factsurveyresponse;SurveyResponseKey;int
factsurveyresponse;DateKey;int
factsurveyresponse;CustomerKey;int
factsurveyresponse;ProductCategoryKey;int
factsurveyresponse;EnglishProductCategoryName;varchar
factsurveyresponse;ProductSubcategoryKey;int
factsurveyresponse;EnglishProductSubcategoryName;varchar
factsurveyresponse;Date;datetime2
newfactcurrencyrate;AverageRate;real
newfactcurrencyrate;CurrencyID;varchar
newfactcurrencyrate;CurrencyDate;date
newfactcurrencyrate;EndOfDayRate;real
newfactcurrencyrate;CurrencyKey;int
newfactcurrencyrate;DateKey;int
prospectivebuyer;ProspectiveBuyerKey;int
prospectivebuyer;ProspectAlternateKey;varchar
prospectivebuyer;FirstName;varchar
prospectivebuyer;MiddleName;varchar
prospectivebuyer;LastName;varchar
prospectivebuyer;BirthDate;datetime2
prospectivebuyer;MaritalStatus;varchar
prospectivebuyer;Gender;varchar
prospectivebuyer;EmailAddress;varchar
prospectivebuyer;YearlyIncome;decimal
prospectivebuyer;TotalChildren;smallint
prospectivebuyer;NumberChildrenAtHome;smallint
prospectivebuyer;Education;varchar
prospectivebuyer;Occupation;varchar
prospectivebuyer;HouseOwnerFlag;varchar
prospectivebuyer;NumberCarsOwned;smallint
prospectivebuyer;AddressLine1;varchar
prospectivebuyer;AddressLine2;varchar
prospectivebuyer;City;varchar
prospectivebuyer;StateProvinceCode;varchar
prospectivebuyer;PostalCode;varchar
prospectivebuyer;Phone;varchar
prospectivebuyer;Salutation;varchar
prospectivebuyer;Unknown;int